accuracy_sr,Percentage
0,2.143333333333333
1,4.343333333333333
2,5.35
3,7.33
4,11.129999999999999
5,16.863333333333333
6,24.433333333333334
7,28.40666666666667
