accuracy_lr,Percentage
0,5.586666666666667
1,13.366666666666665
2,18.083333333333336
3,18.706666666666667
4,16.536666666666665
5,13.296666666666667
6,9.783333333333333
7,4.64
