accuracy_hr,Percentage
2,0.006666666666666667
3,0.0033333333333333335
4,0.006666666666666667
5,0.043333333333333335
6,0.6766666666666666
7,99.26333333333334
